,id,species,url,section,source
6,3037038451,cardiophyllum,http://www.jacq.org/image.php?filename=1405463&method=europeana,petota,gbif
181,2565938558,hindsianum,http://BajaFlora.org/BajaSheets/HighRes/H276457.jpg,melongena,gbif
182,2565937488,hindsianum,http://BajaFlora.org/BajaSheets/HighRes/H276458.jpg,melongena,gbif
434,2424843634,hindsianum,http://BajaFlora.org/BajaSheets/HighRes/H268774.jpg,melongena,gbif
435,2424838982,laxum,http://BajaFlora.org/BajaSheets/HighRes/H255929.jpg,dulcamara,gbif
436,2424838891,lumholtzianum,http://BajaFlora.org/BajaSheets/HighRes/H255928.jpg,melongena,gbif
437,2424838468,grayi,http://BajaFlora.org/BajaSheets/HighRes/H255927.jpg,melongena,gbif
438,2424838437,umbelliferum,http://BajaFlora.org/BajaSheets/HighRes/H111178.jpg,dulcamara,gbif
440,2424837165,ferrugineum,http://BajaFlora.org/BajaSheets/HighRes/H255926.jpg,torva,gbif
441,2424836820,erianthum,http://BajaFlora.org/BajaSheets/HighRes/H255925.jpg,brevantherum,gbif
461,2270642256,jamesii,https://swbiodiversity.org/imglib/h_seinet/seinet/ASU_Plants/201507/ASU0085815_1438104631_lg.jpg,petota,gbif
464,2270604579,hazenii,https://swbiodiversity.org/imglib/h_seinet/seinet/ASU_Plants/201506/ASU0085708_1434385715_lg.jpg,brevantherum,gbif
465,2270604579,hazenii,https://swbiodiversity.org/imglib/h_seinet/seinet/ASU/ASU0085/ASU0085708_lg.jpg,brevantherum,gbif
479,2270558198,volubile,https://swbiodiversity.org/imglib/h_seinet/seinet/ASU/ASU0051/ASU0051015_lg.jpg,micracantha,gbif
481,2270558095,chrysotrichum,https://swbiodiversity.org/imglib/h_seinet/seinet/ASU/ASU0050/ASU0050998_lg.jpg,torva,gbif
489,2270557556,erianthum,https://swbiodiversity.org/imglib/h_seinet/seinet/ASU/ASU0051/ASU0051035a_lg.jpg,brevantherum,gbif
491,2270557483,volubile,https://swbiodiversity.org/imglib/h_seinet/seinet/ASU/ASU0051/ASU0051014_lg.jpg,micracantha,gbif
493,2270557338,elaeagnifolium,https://swbiodiversity.org/imglib/h_seinet/seinet/ASU/ASU0051/ASU0051027_lg.jpg,melongena,gbif
495,2270557326,americanum,https://swbiodiversity.org/imglib/h_seinet/seinet/ASU/ASU0050/ASU0050970b_lg.jpg,solanum,gbif
496,2270557326,americanum,https://swbiodiversity.org/imglib/h_seinet/seinet/ASU/ASU0050/ASU0050970a_lg.jpg,solanum,gbif
500,2270557272,houstonii,https://swbiodiversity.org/imglib/h_seinet/seinet/ASU/ASU0050/ASU0050986a_lg.jpg,melongena,gbif
501,2270557272,houstonii,https://swbiodiversity.org/imglib/h_seinet/seinet/ASU/ASU0050/ASU0050986b_lg.jpg,melongena,gbif
511,2270557047,ferrugineum,https://swbiodiversity.org/imglib/h_seinet/seinet/ASU/ASU0051/ASU0051037a_lg.jpg,torva,gbif
513,2270557044,lanceolatum,https://swbiodiversity.org/imglib/h_seinet/seinet/ASU/ASU0051/ASU0051042_lg.jpg,torva,gbif
523,2270556791,heterodoxum,https://swbiodiversity.org/imglib/h_seinet/seinet/ASU/ASU0051/ASU0051045a_lg.jpg,melongena,gbif
528,2270556681,citrullifolium,https://swbiodiversity.org/imglib/h_seinet/seinet/ASU/ASU0051/ASU0051002b_lg.jpg,melongena,gbif
529,2270556681,citrullifolium,https://swbiodiversity.org/imglib/h_seinet/seinet/ASU/ASU0051/ASU0051002a_lg.jpg,melongena,gbif
534,2270556601,hindsianum,https://swbiodiversity.org/imglib/h_seinet/seinet/ASU/ASU0051/ASU0051051b_lg.jpg,melongena,gbif
535,2270556601,hindsianum,https://swbiodiversity.org/imglib/h_seinet/seinet/ASU/ASU0051/ASU0051051a_lg.jpg,melongena,gbif
537,2270556470,appendiculatum,https://swbiodiversity.org/imglib/h_seinet/seinet/ASU/ASU0050/ASU0050982a_lg.jpg,anarrhichomenum,gbif
539,2270556438,aphyodendron,https://swbiodiversity.org/imglib/h_seinet/seinet/ASU/ASU0050/ASU0050959a_lg.jpg,holophylla,gbif
541,2270556421,demissum,https://swbiodiversity.org/imglib/h_seinet/seinet/ASU/ASU0051/ASU0051010_lg.jpg,petota,gbif
546,2270556267,citrullifolium,https://swbiodiversity.org/imglib/h_seinet/seinet/ASU/ASU0051/ASU0051001_lg.jpg,melongena,gbif
548,2270556250,donianum,https://swbiodiversity.org/imglib/h_seinet/seinet/ASU/ASU0051/ASU0051013_lg.jpg,torva,gbif
551,2270556235,grayi,https://swbiodiversity.org/imglib/h_seinet/seinet/ASU/ASU0051/ASU0051041_lg.jpg,melongena,gbif
561,2270555941,elaeagnifolium,https://swbiodiversity.org/imglib/h_seinet/seinet/ASU/ASU0051/ASU0051026a_lg.jpg,melongena,gbif
569,2270555807,houstonii,https://swbiodiversity.org/imglib/h_seinet/seinet/ASU/ASU0050/ASU0050964a_lg.jpg,melongena,gbif
571,2270555763,cardiophyllum,https://swbiodiversity.org/imglib/h_seinet/seinet/ASU/ASU0050/ASU0050990a_lg.jpg,petota,gbif
573,2270555679,houstonii,https://swbiodiversity.org/imglib/h_seinet/seinet/ASU/ASU0050/ASU0050966a_lg.jpg,melongena,gbif
574,2270555679,houstonii,https://swbiodiversity.org/imglib/h_seinet/seinet/ASU/ASU0050/ASU0050966_lg.jpg,melongena,gbif
576,2270555612,umbelliferum,https://swbiodiversity.org/imglib/h_seinet/seinet/ASU/ASU0051/ASU0051175_lg.jpg,dulcamara,gbif
581,2270555438,seaforthianum,https://swbiodiversity.org/imglib/h_seinet/seinet/ASU/ASU0051/ASU0051131a_lg.jpg,dulcamara,gbif
583,2270555418,torvum,https://swbiodiversity.org/imglib/h_seinet/seinet/ASU/ASU0051/ASU0051144a_lg.jpg,torva,gbif
586,2270555352,tampicense,https://swbiodiversity.org/imglib/h_seinet/seinet/ASU/ASU0051/ASU0051140a_lg.jpg,micracantha,gbif
588,2270555323,houstonii,https://swbiodiversity.org/imglib/h_seinet/seinet/ASU/ASU0051/ASU0051150a_lg.jpg,melongena,gbif
591,2270555266,heterodoxum,https://swbiodiversity.org/imglib/h_seinet/seinet/ASU/ASU0051/ASU0051044_lg.jpg,melongena,gbif
593,2270555256,aculeatissimum,https://swbiodiversity.org/imglib/h_seinet/seinet/ASU/ASU0050/ASU0050965a_lg.jpg,acanthophora,gbif
604,2270554919,lycopersicum,https://swbiodiversity.org/imglib/h_seinet/seinet/ASU/ASU0049/ASU0049302a_lg.jpg,lycopersicon,gbif
609,2270554659,tenuipes,https://swbiodiversity.org/imglib/h_seinet/seinet/ASU/ASU0051/ASU0051141_lg.jpg,melongena,gbif
612,2270554632,wendlandii,https://swbiodiversity.org/imglib/h_seinet/seinet/ASU/ASU0051/ASU0051172a_lg.jpg,herposolanum,gbif
615,2270554557,tribulosum,https://swbiodiversity.org/imglib/h_seinet/seinet/ASU/ASU0051/ASU0051149a_lg.jpg,melongena,gbif
618,2270554494,triquetrum,https://swbiodiversity.org/imglib/h_seinet/seinet/ASU/ASU0051/ASU0051155b_lg.jpg,dulcamara,gbif
619,2270554494,triquetrum,https://swbiodiversity.org/imglib/h_seinet/seinet/ASU/ASU0051/ASU0051155_lg.jpg,dulcamara,gbif
622,2270554458,angustifolium,https://swbiodiversity.org/imglib/h_seinet/seinet/ASU/ASU0051/ASU0051119a_lg.jpg,melongena,gbif
627,2270554380,aligerum,https://swbiodiversity.org/imglib/h_seinet/seinet/ASU/ASU0050/ASU0050958_lg.jpg,holophylla,gbif
631,2270554330,polyadenium,https://swbiodiversity.org/imglib/h_seinet/seinet/ASU/ASU0051/ASU0051116_lg.jpg,petota,gbif
634,2270554264,umbelliferum,https://swbiodiversity.org/imglib/h_seinet/seinet/ASU/ASU0051/ASU0051142a_lg.jpg,dulcamara,gbif
640,2270554040,houstonii,https://swbiodiversity.org/imglib/h_seinet/seinet/ASU/ASU0051/ASU0051151_lg.jpg,melongena,gbif
652,2270553801,pseudocapsicum,https://swbiodiversity.org/imglib/h_seinet/seinet/ASU/ASU0051/ASU0051118_lg.jpg,holophylla,gbif
657,2270553612,verrucosum,https://swbiodiversity.org/imglib/h_seinet/seinet/ASU/ASU0051/ASU0051170a_lg.jpg,petota,gbif
661,2270553567,candidum,https://swbiodiversity.org/imglib/h_seinet/seinet/ASU/ASU0051/ASU0051143_lg.jpg,lasiocarpa,gbif
664,2270553340,polyadenium,https://swbiodiversity.org/imglib/h_seinet/seinet/ASU/ASU0051/ASU0051117a_lg.jpg,petota,gbif
672,2270553226,seaforthianum,https://swbiodiversity.org/imglib/h_seinet/seinet/ASU/ASU0051/ASU0051130b_lg.jpg,dulcamara,gbif
673,2270553226,seaforthianum,https://swbiodiversity.org/imglib/h_seinet/seinet/ASU/ASU0051/ASU0051130a_lg.jpg,dulcamara,gbif
678,2270553015,schlechtendalianum,https://swbiodiversity.org/imglib/h_seinet/seinet/ASU/ASU0051/ASU0051129_lg.jpg,brevantherum,gbif
780,1989368225,polyadenium,https://quod.lib.umich.edu/cgi/i/image/api/image/herb00ic:1191479:MICH-V-1191479/full/res:0/0/native.jpg,petota,gbif
806,1988742901,hintonii,https://quod.lib.umich.edu/cgi/i/image/api/image/herb00ic:1191478:MICH1191478/full/res:0/0/native.jpg,petota,gbif
818,1987017058,houstonii,https://intermountainbiota.org/imglib/h_seinet/intermt/UTC/UTC00264/UTC00264505_lg.jpg,melongena,gbif
820,1987015190,hindsianum,https://intermountainbiota.org/imglib/h_seinet/intermt/UTC/UTC00264/UTC00264788_lg.jpg,melongena,gbif
822,1987015154,hindsianum,https://intermountainbiota.org/imglib/h_seinet/intermt/UTC/UTC00264/UTC00264770_lg.jpg,melongena,gbif
830,1987011897,seaforthianum,https://intermountainbiota.org/imglib/h_seinet/intermt/UTC/UTC00269/UTC00269749_lg.jpg,dulcamara,gbif
857,1931368350,knoblochii,http://sweetgum.nybg.org/images3/113/812/v-287-00750814.jpg,melongena,gbif
920,1931247494,hougasii,http://sweetgum.nybg.org/images3/1240/373/00751615-01.jpg,petota,gbif
960,1931176157,splendens,http://sweetgum.nybg.org/images3/1229/305/00750733-02.jpg,pachyphylla,gbif
998,1931124583,houstonii,http://sweetgum.nybg.org/images3/1240/314/00751565-02.jpg,melongena,gbif
1014,1931094939,chiapasense,http://sweetgum.nybg.org/images3/179/053/v-287-00805804.jpg,brevantherum,gbif
1019,1931088037,chrysotrichum,http://sweetgum.nybg.org/images3/1229/590/00805838.jpg,torva,gbif
1066,1931021966,citrullifolium,http://sweetgum.nybg.org/images3/113/813/v-287-00750816.jpg,melongena,gbif
1067,1931021966,citrullifolium,http://sweetgum.nybg.org/images3/1229/432/00750816-02.jpg,melongena,gbif
1116,1930949773,cordovense,http://sweetgum.nybg.org/images3/1229/451/00750833-02.jpg,brevantherum,gbif
1160,1930890223,houstonii,http://sweetgum.nybg.org/images3/1240/710/00854183-02.jpg,melongena,gbif
1175,1930863056,citrinum,http://sweetgum.nybg.org/images3/1229/427/00750813-02.jpg,melongena,gbif
1179,1930857908,cardiophyllum,http://sweetgum.nybg.org/images3/1229/545/00805791.jpg,petota,gbif
1191,1930843554,splendens,http://sweetgum.nybg.org/images3/1229/300/00750731-01.jpg,pachyphylla,gbif
1206,1930815623,cobanense,http://sweetgum.nybg.org/images3/1229/669/00853538.jpg,herposolanum,gbif
1235,1930763655,houstonii,http://sweetgum.nybg.org/images3/113/883/v-287-00751643.jpg,melongena,gbif
1263,1930734938,cardiophyllum,http://sweetgum.nybg.org/images3/1229/548/00805794.jpg,petota,gbif
1290,1930703449,cordovense,http://sweetgum.nybg.org/images3/1229/453/00750834-02.jpg,brevantherum,gbif
1295,1930698109,candidum,http://sweetgum.nybg.org/images3/111/966/v-287-00805735.jpg,lasiocarpa,gbif
1484,1930410484,hirtum,http://sweetgum.nybg.org/images3/1240/327/00751576-02.jpg,lasiocarpa,gbif
1489,1930405422,citrinum,http://sweetgum.nybg.org/images3/113/810/v-287-00750807.jpg,melongena,gbif
1490,1930405422,citrinum,http://sweetgum.nybg.org/images3/1229/417/00750807-01.jpg,melongena,gbif
1513,1930381055,nigrescens,http://sweetgum.nybg.org/images3/114/796/v-287-00754039.jpg,solanum,gbif
1536,1930339075,houstonii,http://sweetgum.nybg.org/images3/1240/383/00751623-01.jpg,melongena,gbif
1557,1930316996,citrinum,http://sweetgum.nybg.org/images3/1229/424/00750811-02.jpg,melongena,gbif
1576,1930292492,axillifolium,http://sweetgum.nybg.org/images3/1240/665/00828603.jpg,brevantherum,gbif
1587,1930273386,chrysotrichum,http://sweetgum.nybg.org/images3/1229/576/00805824.jpg,torva,gbif
1627,1930215482,chiapasense,http://sweetgum.nybg.org/images3/1229/555/00805802.jpg,brevantherum,gbif
1728,1930051817,splendens,http://sweetgum.nybg.org/images3/1229/298/00750730-01.jpg,pachyphylla,gbif
1765,1929995606,chrysotrichum,http://sweetgum.nybg.org/images3/113/949/v-287-00805822.jpg,torva,gbif
1811,1929931953,plumense,http://sweetgum.nybg.org/images3/1245/898/00753357.jpg,brevantherum,gbif
1837,1929882732,candidum,http://sweetgum.nybg.org/images3/111/969/v-287-00805747.jpg,lasiocarpa,gbif
1898,1929804260,houstonii,http://sweetgum.nybg.org/images3/1240/380/00751621-01.jpg,melongena,gbif
1963,1929689158,splendens,http://sweetgum.nybg.org/images3/1229/291/00750726-01.jpg,pachyphylla,gbif
1995,1929630833,cardiophyllum,http://sweetgum.nybg.org/images3/231/243/v-287-00805812.jpg,petota,gbif
2000,1929629157,splendens,http://sweetgum.nybg.org/images3/1229/287/00750724-01.jpg,pachyphylla,gbif
2009,1929615889,hirtum,http://sweetgum.nybg.org/images3/1240/333/00751582-01.jpg,lasiocarpa,gbif
2041,1929573586,candidum,http://sweetgum.nybg.org/images3/1229/495/00805738.jpg,lasiocarpa,gbif
2056,1929544243,cardiophyllum,http://sweetgum.nybg.org/images3/231/239/v-287-00805792.jpg,petota,gbif
2100,1929472164,citrullifolium,http://sweetgum.nybg.org/images3/113/814/v-287-00750819.jpg,melongena,gbif
2119,1929446319,hougasii,http://sweetgum.nybg.org/images3/1240/367/00751610-02.jpg,petota,gbif
2143,1929409131,splendens,http://sweetgum.nybg.org/images3/1229/303/00750732-02.jpg,pachyphylla,gbif
2169,1929370085,stoloniferum,http://sweetgum.nybg.org/images3/1248/575/00745752-02.jpg,petota,gbif
2174,1929363659,citrinum,http://sweetgum.nybg.org/images3/113/811/v-287-00750810.jpg,melongena,gbif
2175,1929363659,citrinum,http://sweetgum.nybg.org/images3/1229/422/00750810-02.jpg,melongena,gbif
2180,1929358209,cordovense,http://sweetgum.nybg.org/images3/1229/441/00750825-01.jpg,brevantherum,gbif
2218,1929289481,houstonii,http://sweetgum.nybg.org/images3/1545/283/00880348-01.jpg,melongena,gbif
2238,1929249742,cardiophyllum,http://sweetgum.nybg.org/images3/231/242/v-287-00805811.jpg,petota,gbif
2270,1929191317,chiapasense,http://sweetgum.nybg.org/images3/1229/559/00805806.jpg,brevantherum,gbif
2293,1929160698,hougasii,http://sweetgum.nybg.org/images3/113/880/v-287-00751611.jpg,petota,gbif
2306,1929140082,chiapasense,http://sweetgum.nybg.org/images3/1229/553/00805800.jpg,brevantherum,gbif
2366,1929048224,splendens,http://sweetgum.nybg.org/images3/1229/289/00750725-01.jpg,pachyphylla,gbif
2440,1928929549,chrysotrichum,http://sweetgum.nybg.org/images3/113/948/v-287-00805821.jpg,torva,gbif
2459,1928902058,aphyodendron,http://sweetgum.nybg.org/images3/1239/963/00744511.jpg,holophylla,gbif
2499,1928818451,houstonii,http://sweetgum.nybg.org/images3/1240/321/00751572-01.jpg,melongena,gbif
2500,1928818451,houstonii,http://sweetgum.nybg.org/images3/1240/322/00751572-02.jpg,melongena,gbif
2574,1928690968,hougasii,http://sweetgum.nybg.org/images3/1240/365/00751609.jpg,petota,gbif
2613,1928636834,candidum,http://sweetgum.nybg.org/images3/108/089/v-287-00723053.jpg,lasiocarpa,gbif
2630,1928618929,hjertingii,http://sweetgum.nybg.org/images3/1240/363/00751607.jpg,petota,gbif
2654,1928579213,candidum,http://sweetgum.nybg.org/images3/111/968/v-287-00805742.jpg,lasiocarpa,gbif
2729,1928446261,candidum,http://sweetgum.nybg.org/images3/111/970/v-287-00805752.jpg,lasiocarpa,gbif
2769,1928390949,knoblochii,http://sweetgum.nybg.org/images3/1229/430/00750815-02.jpg,melongena,gbif
2770,1928390949,knoblochii,http://sweetgum.nybg.org/images3/127/785/v-287-00750815.jpg,melongena,gbif
2779,1928383709,splendens,http://sweetgum.nybg.org/images3/1229/294/00750727-02.jpg,pachyphylla,gbif
2814,1928342635,chiapasense,http://sweetgum.nybg.org/images3/179/054/v-287-00805805.jpg,brevantherum,gbif
2820,1928336310,chrysotrichum,http://sweetgum.nybg.org/images3/1229/592/00805840.jpg,torva,gbif
2871,1928266507,hougasii,http://sweetgum.nybg.org/images3/1240/369/00751612-01.jpg,petota,gbif
2872,1928266507,hougasii,http://sweetgum.nybg.org/images3/113/881/v-287-00751612.jpg,petota,gbif
2971,1928125112,splendens,http://sweetgum.nybg.org/images3/1229/286/00750723-02.jpg,pachyphylla,gbif
3009,1928069075,cardiophyllum,http://sweetgum.nybg.org/images3/1229/547/00805793.jpg,petota,gbif
3016,1928058068,chiapasense,http://sweetgum.nybg.org/images3/1229/554/00805801.jpg,brevantherum,gbif
3023,1928051134,chiapasense,http://sweetgum.nybg.org/images3/1229/552/00805799.jpg,brevantherum,gbif
3032,1928042682,splendens,http://sweetgum.nybg.org/images3/1229/296/00750728-02.jpg,pachyphylla,gbif
3079,1927970974,houstonii,http://sweetgum.nybg.org/images3/1240/389/00751628.jpg,melongena,gbif
3282,1847941402,iopetalum,https://fm-digital-assets.fieldmuseum.org/994/765/SOLA_sola_iope_1714365.jpg,petota,gbif
3284,1847939492,diphyllum,https://fm-digital-assets.fieldmuseum.org/994/715/SOLA_sola_diph_1845306.jpg,holophylla,gbif
3286,1847937024,pseudocapsicum,https://fm-digital-assets.fieldmuseum.org/994/854/SOLA_sola_pseu_1889584.jpg,holophylla,gbif
3589,1801077608,umbellatum,https://plant.depo.msu.ru/open/public/item/MW0579422/img/0.jpg?original,brevantherum,gbif
3632,1424260037,citrinum,http://imagens3.jbrj.gov.br/fsi/server?type=image&source=rb/0/54/41/59/00544159.jpg,melongena,gbif
3633,1424195779,myriacanthum,http://imagens3.jbrj.gov.br/fsi/server?type=image&source=rb/0/46/72/89/00467289.jpg,acanthophora,gbif
3634,1424193726,erianthum,http://imagens3.jbrj.gov.br/fsi/server?type=image&source=rb/0/46/53/18/00465318.jpg,brevantherum,gbif
3635,1424193711,erianthum,http://imagens3.jbrj.gov.br/fsi/server?type=image&source=rb/0/46/53/11/00465311.jpg,brevantherum,gbif
3636,1424193700,diphyllum,http://imagens3.jbrj.gov.br/fsi/server?type=image&source=rb/0/46/54/62/00465462.jpg,holophylla,gbif
3637,1424193672,erianthum,http://imagens3.jbrj.gov.br/fsi/server?type=image&source=rb/0/46/53/22/00465322.jpg,brevantherum,gbif
3638,1424193664,erianthum,http://imagens3.jbrj.gov.br/fsi/server?type=image&source=rb/0/46/53/17/00465317.jpg,brevantherum,gbif
3639,1424193644,erianthum,http://imagens3.jbrj.gov.br/fsi/server?type=image&source=rb/0/46/53/20/00465320.jpg,brevantherum,gbif
3640,1424193617,erianthum,http://imagens3.jbrj.gov.br/fsi/server?type=image&source=rb/0/46/53/7/00465307.jpg,brevantherum,gbif
3641,1424193583,erianthum,http://imagens3.jbrj.gov.br/fsi/server?type=image&source=rb/0/46/53/15/00465315.jpg,brevantherum,gbif
3642,1424192551,appendiculatum,http://imagens3.jbrj.gov.br/fsi/server?type=image&source=rb/0/46/42/63/00464263.jpg,anarrhichomenum,gbif
3713,1262248897,stoloniferum,http://www.tropicos.org/ImageDownload.aspx?imageid=100624499,petota,gbif
3715,1262200353,umbelliferum,https://fm-digital-assets.fieldmuseum.org/1391/870/V0384958F.jpg,dulcamara,gbif
3717,1262200344,umbelliferum,http://fm-digital-assets.fieldmuseum.org/1391/834/V0384922F.jpg,dulcamara,gbif
3719,1262200322,umbelliferum,http://fm-digital-assets.fieldmuseum.org/1391/895/V0384983F.jpg,dulcamara,gbif
3721,1262200313,umbelliferum,http://fm-digital-assets.fieldmuseum.org/1391/860/V0384948F.jpg,dulcamara,gbif
3722,1261015367,pubigerum,http://www.tropicos.org/ImageDownload.aspx?imageid=100259564,holophylla,gbif
3723,1261015353,pubigerum,http://www.tropicos.org/ImageDownload.aspx?imageid=100259563,holophylla,gbif
3724,1260461126,campechiense,http://www.tropicos.org/ImageDownload.aspx?imageid=100141878,melongena,gbif
3725,1259895525,grayi,http://www.tropicos.org/ImageDownload.aspx?imageid=100142236,melongena,gbif
3726,1259895475,triquetrum,http://www.tropicos.org/ImageDownload.aspx?imageid=100142241,dulcamara,gbif
3727,1259895458,triquetrum,http://www.tropicos.org/ImageDownload.aspx?imageid=100142268,dulcamara,gbif
3728,1259895428,triquetrum,http://www.tropicos.org/ImageDownload.aspx?imageid=100142240,dulcamara,gbif
3729,1259895129,lanceolatum,http://www.tropicos.org/ImageDownload.aspx?imageid=100142269,torva,gbif
3730,1259610469,dasyneuron,http://www.tropicos.org/ImageDownload.aspx?imageid=48136,holophylla,gbif
3731,1259434450,elaeagnifolium,http://www.tropicos.org/ImageDownload.aspx?imageid=100141997,melongena,gbif
3732,1259432994,elaeagnifolium,http://www.tropicos.org/ImageDownload.aspx?imageid=100141931,melongena,gbif
3733,1259432974,angustifolium,http://www.tropicos.org/ImageDownload.aspx?imageid=100142265,melongena,gbif
3734,1259431990,elaeagnifolium,http://www.tropicos.org/ImageDownload.aspx?imageid=100141930,melongena,gbif
3735,1259431516,elaeagnifolium,http://www.tropicos.org/ImageDownload.aspx?imageid=100141996,melongena,gbif
3736,1259431299,umbellatum,http://www.tropicos.org/ImageDownload.aspx?imageid=100142266,brevantherum,gbif
3737,1259419469,verrucosum,http://www.tropicos.org/ImageDownload.aspx?imageid=100624489,petota,gbif
3738,1259418463,triquetrum,http://www.tropicos.org/ImageDownload.aspx?imageid=100142242,dulcamara,gbif
3739,1259417055,triquetrum,http://www.tropicos.org/ImageDownload.aspx?imageid=100142267,dulcamara,gbif
3740,1259413652,pinnatisectum,http://www.tropicos.org/ImageDownload.aspx?imageid=100624490,petota,gbif
3741,1259413483,angustifolium,http://www.tropicos.org/ImageDownload.aspx?imageid=100142239,melongena,gbif
3742,1259413082,refractum,http://www.tropicos.org/ImageDownload.aspx?imageid=100142238,herposolanum,gbif
3743,1259411521,nudum,http://www.tropicos.org/ImageDownload.aspx?imageid=100259572,holophylla,gbif
3744,1259410808,pseudocapsicum,http://www.tropicos.org/ImageDownload.aspx?imageid=100142271,holophylla,gbif
3745,1259409335,glaucescens,http://www.tropicos.org/ImageDownload.aspx?imageid=82863,herposolanum,gbif
3746,1259409150,morelliforme,http://www.tropicos.org/ImageDownload.aspx?imageid=100624496,petota,gbif
3747,1259409009,ferrugineum,http://www.tropicos.org/ImageDownload.aspx?imageid=100142270,torva,gbif
3748,1259408813,fructo-tecto,http://www.tropicos.org/ImageDownload.aspx?imageid=100141999,melongena,gbif
3749,1259408754,hjertingii,http://www.tropicos.org/ImageDownload.aspx?imageid=100142244,petota,gbif
3750,1259408356,stoloniferum,http://www.tropicos.org/ImageDownload.aspx?imageid=100624494,petota,gbif
3751,1259408335,ferrugineum,http://www.tropicos.org/ImageDownload.aspx?imageid=100142246,torva,gbif
3752,1259408144,hjertingii,http://www.tropicos.org/ImageDownload.aspx?imageid=100142243,petota,gbif
3753,1259408087,jamesii,http://www.tropicos.org/ImageDownload.aspx?imageid=100142245,petota,gbif
3754,1259407796,hjertingii,http://www.tropicos.org/ImageDownload.aspx?imageid=100624495,petota,gbif
3755,1259407233,ferrugineum,http://www.tropicos.org/ImageDownload.aspx?imageid=100142237,torva,gbif
3756,1259405372,cardiophyllum,http://www.tropicos.org/ImageDownload.aspx?imageid=100624493,petota,gbif
3757,1259405329,americanum,http://www.tropicos.org/ImageDownload.aspx?imageid=100184848,solanum,gbif
3758,1259402904,oxycarpum,http://www.tropicos.org/ImageDownload.aspx?imageid=100624492,petota,gbif
3759,1259402839,diphyllum,http://www.tropicos.org/ImageDownload.aspx?imageid=100141927,holophylla,gbif
3760,1259402649,demissum,http://www.tropicos.org/ImageDownload.aspx?imageid=100624497,petota,gbif
3761,1259389887,americanum,http://www.tropicos.org/ImageDownload.aspx?imageid=100141992,solanum,gbif
3762,1259389041,cardiophyllum,http://www.tropicos.org/ImageDownload.aspx?imageid=23879,petota,gbif
3763,1259387883,americanum,http://www.tropicos.org/ImageDownload.aspx?imageid=100141926,solanum,gbif
3764,1258817170,agrimonifolium,http://www.tropicos.org/ImageDownload.aspx?imageid=42991,petota,gbif
3765,1258704746,dasyanthum,http://www.tropicos.org/ImageDownload.aspx?imageid=29208,torva,gbif
3766,1258697014,stoloniferum,http://www.tropicos.org/ImageDownload.aspx?imageid=68466,petota,gbif
3767,1258697007,stoloniferum,http://www.tropicos.org/ImageDownload.aspx?imageid=52684,petota,gbif
3768,1258697007,stoloniferum,http://www.tropicos.org/ImageDownload.aspx?imageid=52685,petota,gbif
3769,1258697002,stoloniferum,http://www.tropicos.org/ImageDownload.aspx?imageid=69219,petota,gbif
3770,1258696996,subvelutinum,http://www.tropicos.org/ImageDownload.aspx?imageid=19541,anarrhichomenum,gbif
3771,1258696990,pseudocapsicum,http://www.tropicos.org/ImageDownload.aspx?imageid=16594,holophylla,gbif
3772,1258696987,citrullifolium,http://www.tropicos.org/ImageDownload.aspx?imageid=66867,melongena,gbif
3773,1258696983,polyadenium,http://www.tropicos.org/ImageDownload.aspx?imageid=68916,petota,gbif
3774,1258696981,pinnatisectum,http://www.tropicos.org/ImageDownload.aspx?imageid=43371,petota,gbif
3775,1258696974,hirtum,http://www.tropicos.org/ImageDownload.aspx?imageid=32227,lasiocarpa,gbif
3776,1258696974,hirtum,http://www.tropicos.org/ImageDownload.aspx?imageid=32226,lasiocarpa,gbif
3777,1258696970,appendiculatum,http://www.tropicos.org/ImageDownload.aspx?imageid=11974,anarrhichomenum,gbif
3778,1258696966,iopetalum,http://www.tropicos.org/ImageDownload.aspx?imageid=43386,petota,gbif
3779,1258696965,verrucosum,http://www.tropicos.org/ImageDownload.aspx?imageid=69493,petota,gbif
3780,1258696957,stenophyllidium,http://www.tropicos.org/ImageDownload.aspx?imageid=11124,petota,gbif
3781,1258696956,cardiophyllum,http://www.tropicos.org/ImageDownload.aspx?imageid=11169,petota,gbif
3782,1258696953,lignescens,http://www.tropicos.org/ImageDownload.aspx?imageid=100259761,gonatotrichum,gbif
3783,1258696932,bulbocastanum,http://www.tropicos.org/ImageDownload.aspx?imageid=11046,petota,gbif
3784,1258695406,aphyodendron,http://www.tropicos.org/ImageDownload.aspx?imageid=31077,holophylla,gbif
3785,1258695393,grayi,http://www.tropicos.org/ImageDownload.aspx?imageid=67132,melongena,gbif
3786,1258695379,pseudocapsicum,http://www.tropicos.org/ImageDownload.aspx?imageid=29186,holophylla,gbif
3787,1258695371,candidum,http://www.tropicos.org/ImageDownload.aspx?imageid=32120,lasiocarpa,gbif
3788,1258695356,dasyanthum,http://www.tropicos.org/ImageDownload.aspx?imageid=53540,torva,gbif
3789,1258695352,citrinum,http://www.tropicos.org/ImageDownload.aspx?imageid=15513,melongena,gbif
3790,1258695269,pseudocapsicum,http://www.tropicos.org/ImageDownload.aspx?imageid=64414,holophylla,gbif
3791,1258695240,tacanense,http://www.tropicos.org/ImageDownload.aspx?imageid=17375,anarrhichomenum,gbif
3792,1258687008,schlechtendalianum,http://www.tropicos.org/ImageDownload.aspx?imageid=100259728,brevantherum,gbif
3793,1258686107,michoacanum,http://www.tropicos.org/ImageDownload.aspx?imageid=64443,petota,gbif
3794,1258682688,hjertingii,http://www.tropicos.org/ImageDownload.aspx?imageid=52308,petota,gbif
3795,1257544453,bulbocastanum,http://www.tropicos.org/ImageDownload.aspx?imageid=100624468,petota,gbif
4107,1228628743,stoloniferum,http://fm-digital-assets.fieldmuseum.org/226/095/V0073139F.jpg,petota,gbif
4109,1228623196,pseudocapsicum,http://fm-digital-assets.fieldmuseum.org/320/936/V0093108F.jpg,holophylla,gbif
4111,1228622844,dulcamaroides,https://fm-digital-assets.fieldmuseum.org/179/437/SOLA_sola_dulc_1868556.jpg,dulcamara,gbif
4113,1228618451,chrysotrichum,https://fm-digital-assets.fieldmuseum.org/186/537/SOLA_sola_hisp_2047951.jpg,torva,gbif
4115,1228613830,refractum,http://fm-digital-assets.fieldmuseum.org/1221/042/34110.jpg,herposolanum,gbif
4117,1228611423,angustifolium,http://fm-digital-assets.fieldmuseum.org/189/284/SOLA_sola_rost_2123571.jpg,melongena,gbif
4119,1228605364,aligerum,https://fm-digital-assets.fieldmuseum.org/190/781/SOLA_sola_cerv_2147031.jpg,holophylla,gbif
4121,1228603581,cordovense,http://fm-digital-assets.fieldmuseum.org/482/961/V0093682F.jpg,brevantherum,gbif
4123,1228602377,hjertingii,https://fm-digital-assets.fieldmuseum.org/226/081/V0073122F.jpg,petota,gbif
4125,1228593919,refractum,https://fm-digital-assets.fieldmuseum.org/187/361/SOLA_sola_refr_2073626.jpg,herposolanum,gbif
4127,1228590684,lignescens,http://fm-digital-assets.fieldmuseum.org/226/074/V0073114F.jpg,gonatotrichum,gbif
4129,1228566384,lanceifolium,http://fm-digital-assets.fieldmuseum.org/175/934/SOLA_sola_lanc_1756755.jpg,micracantha,gbif
4131,1228558001,dulcamaroides,https://fm-digital-assets.fieldmuseum.org/1221/055/34123.jpg,dulcamara,gbif
4133,1228551650,chrysotrichum,https://fm-digital-assets.fieldmuseum.org/169/307/SOLA_sola_chry_711684.jpg,torva,gbif
4135,1228551190,lanceolatum,https://fm-digital-assets.fieldmuseum.org/226/038/V0073074F.jpg,torva,gbif
4137,1228547613,grayi,https://fm-digital-assets.fieldmuseum.org/226/062/V0073100F.jpg,melongena,gbif
4139,1228547353,stoloniferum,http://fm-digital-assets.fieldmuseum.org/226/094/V0073138F.jpg,petota,gbif
4141,1228544218,hintonii,https://fm-digital-assets.fieldmuseum.org/328/783/49428.jpg,petota,gbif
4143,1228542810,axillifolium,http://fm-digital-assets.fieldmuseum.org/226/036/V0073070F.jpg,brevantherum,gbif
4145,1228536985,mitlense,http://fm-digital-assets.fieldmuseum.org/293/493/6799.jpg,crinitum,gbif
4147,1228535075,ferrugineum,https://fm-digital-assets.fieldmuseum.org/1220/886/33951.jpg,torva,gbif
4149,1228531329,cordovense,http://fm-digital-assets.fieldmuseum.org/482/960/V0093681F.jpg,brevantherum,gbif
4151,1228530995,schlechtendalianum,https://fm-digital-assets.fieldmuseum.org/1527/429/33107.jpg,brevantherum,gbif
4153,1228517437,pectinatum,http://fm-digital-assets.fieldmuseum.org/182/958/SOLA_sola_pect_mex_1961289.jpg,lasiocarpa,gbif
4155,1228517019,myriacanthum,https://fm-digital-assets.fieldmuseum.org/1221/059/34127.jpg,acanthophora,gbif
4157,1228514817,nigricans,https://fm-digital-assets.fieldmuseum.org/189/116/SOLA_sola_brac_mex_2119910.jpg,holophylla,gbif
4159,1228499417,splendens,http://fm-digital-assets.fieldmuseum.org/175/342/SOLA_sola_circ_ver_1731246.jpg,pachyphylla,gbif
4161,1228495861,pseudocapsicum,https://fm-digital-assets.fieldmuseum.org/408/204/23118.jpg,holophylla,gbif
4163,1228491444,stenophyllidium,http://fm-digital-assets.fieldmuseum.org/226/069/V0073107F.jpg,petota,gbif
4165,1228487648,polyadenium,https://fm-digital-assets.fieldmuseum.org/226/093/V0073137F.jpg,petota,gbif
4167,1228482708,cardiophyllum,https://fm-digital-assets.fieldmuseum.org/193/023/SOLA_sola_card_2190464.jpg,petota,gbif
4169,1228478921,agrimonifolium,http://fm-digital-assets.fieldmuseum.org/226/029/V0073063F.jpg,petota,gbif
4171,1228477470,bulbocastanum,http://fm-digital-assets.fieldmuseum.org/304/348/V0093059F.jpg,petota,gbif
4173,1228470505,nigricans,https://fm-digital-assets.fieldmuseum.org/293/435/6787.jpg,holophylla,gbif
4175,1228470150,pseudocapsicum,https://fm-digital-assets.fieldmuseum.org/226/068/V0073106F.jpg,holophylla,gbif
4177,1228461911,iopetalum,http://fm-digital-assets.fieldmuseum.org/226/115/V0073163F.jpg,petota,gbif
4179,1228460208,glaucescens,http://fm-digital-assets.fieldmuseum.org/219/188/V0076606F.jpg,herposolanum,gbif
4181,1228459028,glaucescens,http://fm-digital-assets.fieldmuseum.org/293/500/6832.jpg,herposolanum,gbif
4183,1228455346,tampicense,http://fm-digital-assets.fieldmuseum.org/1220/887/33952.jpg,micracantha,gbif
4185,1228455325,myriacanthum,https://fm-digital-assets.fieldmuseum.org/1220/885/33950.jpg,acanthophora,gbif
4187,1228444908,nigricans,https://fm-digital-assets.fieldmuseum.org/408/223/23137.jpg,holophylla,gbif
4189,1228444429,tacanense,https://fm-digital-assets.fieldmuseum.org/226/107/V0073154F.jpg,anarrhichomenum,gbif
4191,1228440405,appendiculatum,https://fm-digital-assets.fieldmuseum.org/181/606/SOLA_sola_appe_1936293.jpg,anarrhichomenum,gbif
4193,1228436894,nigrescens,http://fm-digital-assets.fieldmuseum.org/189/627/SOLA_sola_nigr_2130991.jpg,solanum,gbif
4195,1228430843,appendiculatum,http://fm-digital-assets.fieldmuseum.org/1524/231/33046.jpg,anarrhichomenum,gbif
4197,1228430152,lanceolatum,http://fm-digital-assets.fieldmuseum.org/1527/395/33084.jpg,torva,gbif
4199,1228425363,grayi,https://fm-digital-assets.fieldmuseum.org/171/190/SOLA_sola_gray_mex_1246599.jpg,melongena,gbif
4201,1228416432,citrullifolium,http://fm-digital-assets.fieldmuseum.org/226/045/V0073082F.jpg,melongena,gbif
4203,1228414721,stoloniferum,https://fm-digital-assets.fieldmuseum.org/226/077/V0073118F.jpg,petota,gbif
4205,1228413835,ionidium,https://fm-digital-assets.fieldmuseum.org/1524/291/33081.jpg,anarrhichomenum,gbif
4207,1228413085,lanceolatum,https://fm-digital-assets.fieldmuseum.org/220/354/V0043247F.jpg,torva,gbif
4209,1228395926,verrucosum,http://fm-digital-assets.fieldmuseum.org/1527/435/33111.jpg,petota,gbif
4211,1228391633,heterodoxum,http://fm-digital-assets.fieldmuseum.org/293/444/6840.jpg,melongena,gbif
4213,1228378548,myriacanthum,https://fm-digital-assets.fieldmuseum.org/1524/252/33058.jpg,acanthophora,gbif
4215,1228374734,nigrescens,http://fm-digital-assets.fieldmuseum.org/226/056/V0073093F.jpg,solanum,gbif
4217,1228367394,mitlense,http://fm-digital-assets.fieldmuseum.org/218/969/V0073126F.jpg,crinitum,gbif
4219,1228364895,suaveolens,http://fm-digital-assets.fieldmuseum.org/226/106/V0073152F.jpg,basarthrum,gbif
4221,1228361330,umbellatum,http://fm-digital-assets.fieldmuseum.org/179/990/SOLA_sola_umbe_1888569.jpg,brevantherum,gbif
4223,1228354783,stoloniferum,https://fm-digital-assets.fieldmuseum.org/1527/438/33113.jpg,petota,gbif
4225,1228345526,citrinum,http://fm-digital-assets.fieldmuseum.org/226/043/V0073080F.jpg,melongena,gbif
4227,1228344372,refractum,http://fm-digital-assets.fieldmuseum.org/179/608/SOLA_sola_refr_1872931.jpg,herposolanum,gbif
4229,1228343107,pseudocapsicum,http://fm-digital-assets.fieldmuseum.org/1221/062/34130.jpg,holophylla,gbif
4231,1228339030,trizygum,http://fm-digital-assets.fieldmuseum.org/1524/281/33075.jpg,pteroidea,gbif
4233,1228335511,stoloniferum,https://fm-digital-assets.fieldmuseum.org/55/714/V0044731F.jpg,petota,gbif
4235,1228318660,citrinum,http://fm-digital-assets.fieldmuseum.org/226/044/V0073081F.jpg,melongena,gbif
4237,1228314471,malacothrix,https://fm-digital-assets.fieldmuseum.org/226/080/V0073121F.jpg,holophylla,gbif
4239,1228283143,bulbocastanum,http://fm-digital-assets.fieldmuseum.org/304/347/V0093058F.jpg,petota,gbif
4241,1228274523,nigricans,http://fm-digital-assets.fieldmuseum.org/408/222/23136.jpg,holophylla,gbif
4243,1228268295,stoloniferum,http://fm-digital-assets.fieldmuseum.org/226/096/V0073140F.jpg,petota,gbif
4245,1228266198,stoloniferum,http://fm-digital-assets.fieldmuseum.org/226/073/V0073113F.jpg,petota,gbif
4247,1228262659,cordovense,https://fm-digital-assets.fieldmuseum.org/1221/054/34122.jpg,brevantherum,gbif
4249,1228256008,refractum,http://fm-digital-assets.fieldmuseum.org/1221/041/34109.jpg,herposolanum,gbif
4251,1228250753,verrucosum,http://fm-digital-assets.fieldmuseum.org/191/756/SOLA_sola_verr_2170294.jpg,petota,gbif
4253,1228247686,nigricans,http://fm-digital-assets.fieldmuseum.org/1221/056/34124.jpg,holophylla,gbif
4255,1228245769,refractum,http://fm-digital-assets.fieldmuseum.org/187/702/SOLA_sola_refr_2083051.jpg,herposolanum,gbif
4257,1228241174,refractum,http://fm-digital-assets.fieldmuseum.org/218/963/V0073073F.jpg,herposolanum,gbif
4259,1228240180,appendiculatum,https://fm-digital-assets.fieldmuseum.org/226/067/V0073105F.jpg,anarrhichomenum,gbif
4261,1228239757,pubigerum,http://fm-digital-assets.fieldmuseum.org/187/097/SOLA_sola_cerv_mex_2064351.jpg,holophylla,gbif
4263,1228235681,dasyanthum,https://fm-digital-assets.fieldmuseum.org/226/101/V0073145F.jpg,torva,gbif
4265,1228229019,americanum,https://fm-digital-assets.fieldmuseum.org/226/066/V0073104F.jpg,solanum,gbif
4267,1228222403,lanceifolium,https://fm-digital-assets.fieldmuseum.org/1221/058/34126.jpg,micracantha,gbif
4269,1228218238,cardiophyllum,https://fm-digital-assets.fieldmuseum.org/226/071/V0073109F.jpg,petota,gbif
4271,1228217852,tampicense,https://fm-digital-assets.fieldmuseum.org/226/108/V0073155F.jpg,micracantha,gbif
4273,1228217318,dasyneuron,http://fm-digital-assets.fieldmuseum.org/226/059/V0073096F.jpg,holophylla,gbif
4275,1228212155,bulbocastanum,https://fm-digital-assets.fieldmuseum.org/226/078/V0073119F.jpg,petota,gbif
4277,1228207879,stoloniferum,https://fm-digital-assets.fieldmuseum.org/226/076/V0073117F.jpg,petota,gbif
4279,1228204899,mitlense,http://fm-digital-assets.fieldmuseum.org/181/385/SOLA_sola_mitl_mex_1929287.jpg,crinitum,gbif
4281,1228195201,johnstonii,https://fm-digital-assets.fieldmuseum.org/226/070/V0073108F.jpg,melongena,gbif
4283,1228186028,dasyneuron,http://fm-digital-assets.fieldmuseum.org/226/048/V0073085F.jpg,holophylla,gbif
4285,1228176729,palmillae,https://fm-digital-assets.fieldmuseum.org/226/087/V0073131F.jpg,holophylla,gbif
4287,1228172769,dasyanthum,http://fm-digital-assets.fieldmuseum.org/226/116/V0073164F.jpg,torva,gbif
4289,1228156605,lanceolatum,https://fm-digital-assets.fieldmuseum.org/408/188/23099.jpg,torva,gbif
4291,1228152871,angustifolium,http://fm-digital-assets.fieldmuseum.org/408/231/23145.jpg,melongena,gbif
4293,1228152462,pseudocapsicum,https://fm-digital-assets.fieldmuseum.org/226/091/V0073135F.jpg,holophylla,gbif
4295,1228150560,polyadenium,http://fm-digital-assets.fieldmuseum.org/167/022/SOLA_sola_poly_179380.jpg,petota,gbif
4297,1228146065,stoloniferum,http://fm-digital-assets.fieldmuseum.org/179/766/SOLA_sola_stol_1878473.jpg,petota,gbif
4299,1228145690,marginatum,http://fm-digital-assets.fieldmuseum.org/181/434/SOLA_sola_marg_1930958.jpg,melongena,gbif
4301,1228145444,pinnatisectum,https://fm-digital-assets.fieldmuseum.org/293/505/6752.jpg,petota,gbif
4467,1057019183,demissum,https://www.nhm.ac.uk/services/media-store/asset/789c12b84feedc9c1c5c1e87c6f2cd7bbc4f8810/contents/preview,petota,gbif
5875,684290551,tribulosum,http://sesam.senckenberg.de/pictures/originale/32/80056.jpg,melongena,gbif
6724,144897344,lanceolatum,"https://pictures.bgbm.org/digilib/Scaler/IIIF/B!-W!04!41!B_-W_04415%20-01%200__1.jpg/full/2048,/0/default.jpg",torva,gbif
121,6f894d2f-65dd-42c5-9061-bd6fbc08d360,rudepannum,https://swbiodiversity.org/imglib/h_seinet/seinet/ASU/ASU0051/ASU0051124_lg.jpg,torva,idigbio
1211,465ceba7-2bfc-4c9d-aff3-c5fb171ab6d1,stoloniferum,http://www.nhm.ac.uk/services/media-store/asset/ffe33bc9c4f3edc3797ecbee87fedd691fc6d237/contents/preview,petota,idigbio
1214,a2c18984-670c-4ea2-88f9-e910928d111a,demissum,http://www.nhm.ac.uk/services/media-store/asset/789c12b84feedc9c1c5c1e87c6f2cd7bbc4f8810/contents/preview,petota,idigbio
1349,8a2a167f-aafb-4faa-843f-9351beef3922,pubigerum,https://swbiodiversity.org/imglib/h_seinet/seinet/ASU/ASU0050/ASU0050992a_lg.jpg,holophylla,idigbio
2428,9156a1f2-68ff-4670-96a3-106c7ea429d5,umbellatum,https://swbiodiversity.org/imglib/h_seinet/seinet/ASU/ASU0051/ASU0051162a_lg.jpg,brevantherum,idigbio
2431,fb11a93b-e84b-46c5-bfcd-e86f32c3f9ce,donianum,https://swbiodiversity.org/imglib/h_seinet/seinet/ASU/ASU0051/ASU0051168a_lg.jpg,torva,idigbio
2812,633c5318-7878-4ff6-96fe-1ea8bb6d3f63,schenckii,https://wis.botany.wisc.edu/WIS/Types_2/v0255206WIS_a.jpg,petota,idigbio
3081,c1cb40a8-5de7-4ebc-a618-40236b0e7f8a,deflexum,https://swbiodiversity.org/imglib/h_seinet/seinet/ASU/ASU0051/ASU0051008_lg.jpg,gonatotrichum,idigbio
3350,05929d4b-9654-4598-ac52-c478be24ad03,pubigerum,https://swbiodiversity.org/imglib/h_seinet/seinet/ASU/ASU0050/ASU0050991a_lg.jpg,holophylla,idigbio
3351,05929d4b-9654-4598-ac52-c478be24ad03,pubigerum,https://swbiodiversity.org/imglib/h_seinet/seinet/ASU/ASU0050/ASU0050991b_lg.jpg,holophylla,idigbio
3668,88052223-8e61-4437-8dc0-3147f6acf63c,deflexum,http://www.tropicos.org/ImageDownload.aspx?imageid=100222915,gonatotrichum,idigbio
4187,bffd2e10-0fbe-49b1-9526-e69d6dcc11af,rudepannum,http://www.tropicos.org/ImageDownload.aspx?imageid=32574,torva,idigbio
4597,73f080f3-2b85-4f01-80fd-cd3854a45dbd,lanceolatum,http://ww2.bgbm.org/herbarium/images/B/-W/04/41/B_-W_04415%20-01%200__1.jpg,torva,idigbio
4703,32b47200-2431-4ea1-86be-5ea5e33700da,deflexum,http://www.tropicos.org/ImageDownload.aspx?imageid=100222914,gonatotrichum,idigbio
5133,1e865405-d7fb-4619-bf16-495dc4f268ce,umbellatum,https://swbiodiversity.org/imglib/h_seinet/seinet/ASU/ASU0051/ASU0051160_lg.jpg,brevantherum,idigbio
5740,dbe720ab-2e85-4039-be23-3181e670d583,rudepannum,http://www.tropicos.org/ImageDownload.aspx?imageid=48267,torva,idigbio
